{
  "wer": 0.06666666666666667,
  "accuracy": 0.9333333333333333,
  "substitutions": 2,
  "insertions": 7,
  "deletions": 1,
  "hits": 147,
  "reference_words": 150,
  "hypothesis_words": 156
}